               epoch,      train/box_loss,      train/obj_loss,      train/cls_loss,   metrics/precision,      metrics/recall,     metrics/mAP_0.5,metrics/mAP_0.5:0.95,        val/box_loss,        val/obj_loss,        val/cls_loss,               x/lr0,               x/lr1,               x/lr2
                   0,             0.11235,            0.045077,                   0,           0.0054359,                0.26,           0.0069695,             0.00181,             0.10266,            0.028978,                   0,              0.0865,              0.0015,              0.0015
                   1,            0.090231,            0.050905,                   0,           0.0051389,                0.74,            0.012264,            0.002511,            0.077643,            0.026337,                   0,             0.07209,           0.0030898,           0.0030898
                   2,            0.074455,            0.055476,                   0,             0.13899,                 0.2,              0.1031,            0.030194,            0.062171,            0.027033,                   0,            0.057669,            0.004669,            0.004669
                   3,            0.071843,             0.04907,                   0,             0.12957,                 0.3,            0.093367,             0.02572,            0.059018,            0.026401,                   0,            0.043238,           0.0062376,           0.0062376
                   4,            0.067196,             0.04782,                   0,             0.29865,             0.19598,             0.16747,            0.042399,            0.063788,            0.026374,                   0,            0.028796,           0.0077957,           0.0077957
                   5,            0.067582,            0.047999,                   0,             0.46863,             0.44098,              0.4102,             0.11816,            0.052517,            0.021999,                   0,            0.014343,           0.0093433,           0.0093433
                   6,            0.063673,            0.042751,                   0,             0.47288,             0.62804,             0.45405,             0.11791,            0.052356,            0.018629,                   0,            0.009802,            0.009802,            0.009802
                   7,            0.060985,            0.042952,                   0,             0.44255,                0.72,             0.48392,             0.14708,            0.049624,            0.018542,                   0,            0.009802,            0.009802,            0.009802
                   8,            0.056975,            0.037367,                   0,             0.66947,                0.62,             0.64524,             0.17976,            0.048596,            0.017354,                   0,            0.009769,            0.009769,            0.009769
                   9,            0.051955,            0.037574,                   0,             0.39385,                 0.7,             0.36789,            0.088617,            0.060876,             0.01825,                   0,            0.009736,            0.009736,            0.009736
                  10,            0.051353,            0.033642,                   0,             0.43438,                0.76,             0.50339,             0.17861,            0.043996,            0.017502,                   0,            0.009703,            0.009703,            0.009703
                  11,             0.04908,            0.033514,                   0,             0.55434,                0.86,             0.58429,             0.24376,            0.041314,            0.018362,                   0,             0.00967,             0.00967,             0.00967
                  12,            0.045972,            0.029855,                   0,              0.6968,                0.88,             0.78494,             0.34514,            0.037928,            0.015066,                   0,            0.009637,            0.009637,            0.009637
                  13,            0.044004,            0.032935,                   0,             0.75811,              0.8776,             0.78612,             0.30827,             0.04082,             0.01644,                   0,            0.009604,            0.009604,            0.009604
                  14,            0.042156,            0.032604,                   0,             0.76258,             0.89935,              0.7464,             0.31793,            0.037636,            0.015348,                   0,            0.009571,            0.009571,            0.009571
                  15,            0.041523,            0.030632,                   0,              0.7441,                 0.9,             0.74447,             0.32411,             0.03304,            0.014922,                   0,            0.009538,            0.009538,            0.009538
                  16,             0.03757,            0.031601,                   0,             0.77884,                0.86,             0.79834,             0.34452,            0.034663,            0.015572,                   0,            0.009505,            0.009505,            0.009505
                  17,            0.036281,             0.02803,                   0,             0.79812,                0.88,              0.8249,             0.40956,            0.035491,            0.013817,                   0,            0.009472,            0.009472,            0.009472
                  18,            0.038184,             0.02778,                   0,             0.78868,                0.86,             0.84441,             0.40711,            0.035494,            0.012658,                   0,            0.009439,            0.009439,            0.009439
                  19,            0.035672,            0.027907,                   0,             0.77374,                0.94,             0.85194,             0.45165,            0.032132,            0.012298,                   0,            0.009406,            0.009406,            0.009406
                  20,            0.035851,            0.028552,                   0,             0.80029,                0.82,              0.8452,             0.44381,            0.030037,            0.012952,                   0,            0.009373,            0.009373,            0.009373
                  21,            0.034706,            0.027202,                   0,               0.758,             0.75182,             0.81053,             0.48891,            0.026947,            0.013454,                   0,             0.00934,             0.00934,             0.00934
                  22,            0.034682,             0.02805,                   0,             0.77609,                0.84,             0.84695,             0.46327,            0.028219,            0.013767,                   0,            0.009307,            0.009307,            0.009307
                  23,            0.034232,            0.027088,                   0,             0.73787,                0.92,             0.85099,             0.49716,            0.026133,            0.013103,                   0,            0.009274,            0.009274,            0.009274
                  24,            0.034163,             0.02624,                   0,             0.77108,              0.8085,             0.87718,             0.49427,            0.029047,            0.012959,                   0,            0.009241,            0.009241,            0.009241
                  25,            0.032744,            0.027347,                   0,             0.78888,                0.78,             0.83822,             0.49977,            0.027589,            0.013113,                   0,            0.009208,            0.009208,            0.009208
                  26,            0.032414,            0.025355,                   0,             0.77957,             0.84886,             0.82971,              0.5123,            0.026731,            0.013095,                   0,            0.009175,            0.009175,            0.009175
                  27,            0.031719,            0.024977,                   0,             0.70362,                0.88,             0.80594,              0.4788,            0.027898,            0.013781,                   0,            0.009142,            0.009142,            0.009142
                  28,            0.031474,            0.023974,                   0,             0.76153,                0.82,             0.77469,             0.46505,            0.029934,            0.014814,                   0,            0.009109,            0.009109,            0.009109
                  29,            0.031427,            0.026057,                   0,             0.84477,                0.74,             0.79382,             0.47269,            0.026138,            0.014186,                   0,            0.009076,            0.009076,            0.009076
                  30,             0.03128,            0.026253,                   0,             0.81412,             0.78848,             0.79825,              0.4577,             0.02671,             0.01462,                   0,            0.009043,            0.009043,            0.009043
                  31,            0.028709,            0.025299,                   0,             0.83071,                0.78,             0.79999,             0.44548,             0.02927,            0.014347,                   0,             0.00901,             0.00901,             0.00901
                  32,            0.029924,            0.024692,                   0,             0.80289,                0.74,             0.76356,             0.46473,            0.025702,            0.014928,                   0,            0.008977,            0.008977,            0.008977
                  33,            0.029448,            0.027145,                   0,             0.80244,             0.81245,             0.82676,             0.51074,            0.024657,            0.014123,                   0,            0.008944,            0.008944,            0.008944
                  34,             0.02913,            0.024448,                   0,             0.84136,                0.82,             0.84381,             0.50102,            0.025644,             0.01337,                   0,            0.008911,            0.008911,            0.008911
                  35,            0.028256,            0.025966,                   0,             0.85612,             0.83309,             0.84583,             0.54064,            0.025451,            0.013108,                   0,            0.008878,            0.008878,            0.008878
                  36,            0.027624,             0.02456,                   0,             0.82784,                0.86,             0.82852,             0.55745,            0.025948,            0.012382,                   0,            0.008845,            0.008845,            0.008845
                  37,            0.028059,            0.024872,                   0,             0.83685,                0.84,             0.80676,             0.52115,            0.024016,            0.013333,                   0,            0.008812,            0.008812,            0.008812
                  38,            0.026391,            0.023312,                   0,             0.81071,             0.85663,              0.8348,             0.51915,            0.026434,            0.013036,                   0,            0.008779,            0.008779,            0.008779
                  39,            0.027449,            0.025625,                   0,              0.8105,                0.86,             0.81683,             0.53084,            0.025199,            0.013789,                   0,            0.008746,            0.008746,            0.008746
                  40,            0.027859,            0.023837,                   0,             0.82026,             0.82147,             0.82974,             0.49461,            0.025915,            0.014121,                   0,            0.008713,            0.008713,            0.008713
                  41,            0.026299,             0.02273,                   0,             0.78313,                 0.9,             0.84157,             0.52248,              0.0256,            0.013273,                   0,             0.00868,             0.00868,             0.00868
                  42,             0.02691,            0.024687,                   0,             0.80587,             0.91335,             0.87906,             0.52474,             0.02534,            0.013115,                   0,            0.008647,            0.008647,            0.008647
                  43,            0.026035,            0.023555,                   0,             0.79054,                0.94,             0.89186,             0.53263,            0.027173,             0.01258,                   0,            0.008614,            0.008614,            0.008614
                  44,            0.027834,            0.023384,                   0,             0.80657,                0.86,             0.89332,             0.58105,            0.025423,            0.012659,                   0,            0.008581,            0.008581,            0.008581
                  45,            0.027075,            0.022524,                   0,             0.82025,                0.84,             0.86538,             0.55206,             0.02468,            0.012731,                   0,            0.008548,            0.008548,            0.008548
                  46,            0.026289,            0.022319,                   0,             0.83931,             0.83576,             0.84245,             0.54599,            0.025533,            0.013384,                   0,            0.008515,            0.008515,            0.008515
                  47,            0.026462,            0.023567,                   0,             0.85912,                0.76,             0.81993,             0.54315,            0.024099,            0.014755,                   0,            0.008482,            0.008482,            0.008482
                  48,            0.026075,            0.023545,                   0,             0.76194,                0.86,             0.85644,              0.5309,             0.02462,            0.013719,                   0,            0.008449,            0.008449,            0.008449
                  49,            0.026082,            0.022578,                   0,             0.82957,             0.77883,             0.84294,             0.54808,            0.023882,            0.013665,                   0,            0.008416,            0.008416,            0.008416
                  50,            0.025523,            0.022163,                   0,             0.77159,             0.87835,             0.84553,              0.5424,            0.024798,            0.013545,                   0,            0.008383,            0.008383,            0.008383
                  51,            0.025862,            0.022399,                   0,             0.78019,             0.85195,             0.84124,             0.55867,            0.024161,            0.013967,                   0,             0.00835,             0.00835,             0.00835
                  52,            0.026043,            0.022081,                   0,             0.74005,                0.84,             0.81167,             0.54464,            0.023262,            0.013842,                   0,            0.008317,            0.008317,            0.008317
                  53,            0.023539,            0.023132,                   0,             0.72065,             0.87714,             0.81597,             0.55839,            0.023682,            0.013506,                   0,            0.008284,            0.008284,            0.008284
                  54,            0.024599,             0.02257,                   0,             0.76265,                0.82,             0.82629,             0.57394,            0.022745,            0.013253,                   0,            0.008251,            0.008251,            0.008251
                  55,            0.024883,            0.021447,                   0,             0.70245,                0.94,             0.83365,             0.56908,            0.022394,            0.013479,                   0,            0.008218,            0.008218,            0.008218
                  56,             0.02268,             0.02291,                   0,             0.77074,             0.87415,             0.83135,             0.58391,            0.021367,            0.013809,                   0,            0.008185,            0.008185,            0.008185
                  57,            0.023136,            0.020727,                   0,             0.74288,                 0.9,             0.84123,             0.56049,            0.023666,            0.013275,                   0,            0.008152,            0.008152,            0.008152
                  58,            0.024057,            0.021593,                   0,             0.83336,                0.84,             0.86085,             0.56823,            0.023925,            0.012834,                   0,            0.008119,            0.008119,            0.008119
                  59,            0.023022,            0.021778,                   0,             0.79697,                0.86,             0.85333,             0.56451,            0.024187,            0.012855,                   0,            0.008086,            0.008086,            0.008086
                  60,            0.023852,            0.021388,                   0,             0.82379,                0.84,             0.82865,             0.53104,            0.023836,            0.012857,                   0,            0.008053,            0.008053,            0.008053
                  61,            0.023339,            0.020949,                   0,             0.85548,             0.82885,             0.81411,             0.53447,            0.023785,            0.013982,                   0,             0.00802,             0.00802,             0.00802
                  62,            0.023973,             0.02227,                   0,             0.86303,                0.78,             0.80394,             0.53069,            0.023292,            0.014558,                   0,            0.007987,            0.007987,            0.007987
                  63,            0.025299,            0.021133,                   0,             0.85206,                0.78,             0.80629,              0.5647,            0.022504,            0.015006,                   0,            0.007954,            0.007954,            0.007954
                  64,            0.022165,            0.022366,                   0,             0.77094,                0.78,             0.80265,             0.53612,            0.024107,            0.014662,                   0,            0.007921,            0.007921,            0.007921
                  65,            0.022505,            0.020458,                   0,             0.82196,                0.82,             0.84566,             0.55414,            0.022943,            0.014736,                   0,            0.007888,            0.007888,            0.007888
                  66,            0.023186,            0.019669,                   0,             0.80294,                0.86,             0.84851,             0.55468,            0.023271,            0.014151,                   0,            0.007855,            0.007855,            0.007855
                  67,            0.022669,            0.023105,                   0,             0.76799,                0.86,             0.81979,             0.55142,            0.022526,            0.014473,                   0,            0.007822,            0.007822,            0.007822
                  68,            0.022397,             0.02095,                   0,             0.74527,             0.87775,             0.78093,             0.49711,            0.026382,            0.016433,                   0,            0.007789,            0.007789,            0.007789
                  69,            0.023809,            0.019966,                   0,             0.77727,             0.83756,             0.79824,             0.54332,            0.023593,            0.016345,                   0,            0.007756,            0.007756,            0.007756
                  70,            0.022216,            0.020805,                   0,              0.7617,                0.82,             0.82212,             0.56281,            0.023113,            0.016014,                   0,            0.007723,            0.007723,            0.007723
                  71,            0.021544,            0.020319,                   0,             0.80795,                0.76,             0.79037,             0.51778,            0.023969,            0.016993,                   0,             0.00769,             0.00769,             0.00769
                  72,            0.021633,            0.020315,                   0,             0.76213,             0.83313,             0.78547,             0.51085,            0.026708,             0.01708,                   0,            0.007657,            0.007657,            0.007657
                  73,            0.022938,            0.021293,                   0,             0.78274,                0.84,             0.81322,             0.56354,            0.023161,            0.015048,                   0,            0.007624,            0.007624,            0.007624
                  74,            0.023029,            0.021483,                   0,              0.8141,             0.87593,             0.82176,             0.54426,            0.024918,            0.014456,                   0,            0.007591,            0.007591,            0.007591
                  75,            0.021538,            0.022105,                   0,             0.77458,                 0.9,              0.8067,             0.52726,            0.025409,            0.014477,                   0,            0.007558,            0.007558,            0.007558
                  76,            0.021543,            0.020021,                   0,              0.7646,                0.82,             0.77578,             0.51722,             0.02388,            0.015239,                   0,            0.007525,            0.007525,            0.007525
                  77,            0.022303,            0.020435,                   0,             0.83601,                0.78,             0.79298,             0.53386,            0.024454,            0.014956,                   0,            0.007492,            0.007492,            0.007492
                  78,            0.021371,            0.018594,                   0,             0.79524,                 0.8,             0.76586,             0.53232,            0.023043,            0.015936,                   0,            0.007459,            0.007459,            0.007459
                  79,            0.021451,            0.019554,                   0,             0.78476,                 0.8,             0.76231,             0.52107,             0.02445,             0.01666,                   0,            0.007426,            0.007426,            0.007426
                  80,            0.022744,            0.019029,                   0,             0.78958,              0.8256,             0.79767,             0.54308,            0.023875,            0.016264,                   0,            0.007393,            0.007393,            0.007393
                  81,            0.021373,            0.020301,                   0,             0.77681,             0.83539,             0.79006,             0.53751,            0.023136,            0.016247,                   0,             0.00736,             0.00736,             0.00736
                  82,            0.021893,            0.020655,                   0,             0.80634,                0.82,             0.80601,             0.58274,             0.02204,            0.015338,                   0,            0.007327,            0.007327,            0.007327
                  83,            0.020849,            0.019704,                   0,             0.80991,             0.85221,             0.79666,             0.55284,            0.022861,            0.015788,                   0,            0.007294,            0.007294,            0.007294
                  84,            0.020548,            0.019415,                   0,             0.81408,                 0.8,             0.79803,             0.55197,            0.023299,            0.015697,                   0,            0.007261,            0.007261,            0.007261
                  85,            0.021059,            0.018915,                   0,             0.83284,              0.7972,             0.78908,             0.53715,            0.024436,            0.016309,                   0,            0.007228,            0.007228,            0.007228
                  86,            0.020886,             0.02033,                   0,             0.78972,             0.82632,             0.79387,              0.5299,            0.025107,            0.016829,                   0,            0.007195,            0.007195,            0.007195
                  87,            0.021557,            0.019224,                   0,             0.81402,                0.84,             0.81364,              0.5605,            0.022923,            0.015398,                   0,            0.007162,            0.007162,            0.007162
                  88,             0.01995,            0.018498,                   0,             0.79497,             0.85307,             0.80146,             0.57141,            0.023849,            0.015469,                   0,            0.007129,            0.007129,            0.007129
                  89,            0.020124,            0.018306,                   0,             0.84202,                0.76,             0.77845,             0.52873,            0.024275,            0.017949,                   0,            0.007096,            0.007096,            0.007096
                  90,            0.020194,            0.018014,                   0,             0.74299,             0.86736,             0.79079,             0.55198,            0.023804,            0.016543,                   0,            0.007063,            0.007063,            0.007063
                  91,            0.021059,            0.019131,                   0,             0.84196,                0.76,             0.78809,             0.56386,            0.023334,             0.01725,                   0,             0.00703,             0.00703,             0.00703
                  92,            0.018991,            0.017577,                   0,             0.81913,                0.74,             0.78265,             0.54228,            0.023854,            0.018159,                   0,            0.006997,            0.006997,            0.006997
                  93,            0.019231,            0.018786,                   0,             0.77784,                 0.8,             0.79088,             0.53227,            0.024784,            0.017413,                   0,            0.006964,            0.006964,            0.006964
                  94,            0.020961,            0.019688,                   0,              0.7967,                0.78,             0.77752,             0.52158,            0.023957,             0.01805,                   0,            0.006931,            0.006931,            0.006931
                  95,            0.020844,            0.018849,                   0,             0.82402,                0.78,             0.77324,               0.514,            0.024326,            0.017492,                   0,            0.006898,            0.006898,            0.006898
                  96,            0.021656,             0.01821,                   0,             0.85056,             0.79687,             0.79983,              0.5541,            0.023737,            0.017552,                   0,            0.006865,            0.006865,            0.006865
                  97,            0.019633,            0.019216,                   0,             0.78313,                0.84,             0.82293,             0.56788,            0.022231,            0.015448,                   0,            0.006832,            0.006832,            0.006832
                  98,            0.019846,            0.019212,                   0,             0.76775,             0.85948,             0.84889,             0.56936,            0.022922,            0.014935,                   0,            0.006799,            0.006799,            0.006799
                  99,             0.02055,            0.018179,                   0,             0.77996,                0.82,             0.84266,             0.57042,            0.022773,            0.015731,                   0,            0.006766,            0.006766,            0.006766
                 100,            0.019558,             0.01885,                   0,             0.81526,             0.79444,             0.82773,             0.57207,             0.02291,            0.016855,                   0,            0.006733,            0.006733,            0.006733
                 101,            0.019754,            0.018953,                   0,             0.82887,                0.78,             0.81577,             0.55642,             0.02337,            0.018108,                   0,              0.0067,              0.0067,              0.0067
                 102,            0.020196,            0.018784,                   0,             0.81611,                 0.8,             0.80646,             0.54846,            0.023559,            0.017721,                   0,            0.006667,            0.006667,            0.006667
                 103,            0.019532,            0.018746,                   0,             0.79584,                0.82,             0.80108,             0.57953,            0.022651,            0.017081,                   0,            0.006634,            0.006634,            0.006634
                 104,            0.019109,            0.017998,                   0,             0.81561,             0.79628,             0.79243,             0.55794,            0.023279,            0.017465,                   0,            0.006601,            0.006601,            0.006601
                 105,            0.019529,            0.018654,                   0,             0.81971,             0.81839,             0.82485,             0.57054,            0.023011,            0.016404,                   0,            0.006568,            0.006568,            0.006568
                 106,            0.019379,            0.018546,                   0,             0.76199,                 0.9,             0.81772,             0.56023,            0.023099,             0.01698,                   0,            0.006535,            0.006535,            0.006535
                 107,            0.019804,             0.01811,                   0,             0.78753,             0.88966,             0.83096,             0.57435,            0.022204,            0.016489,                   0,            0.006502,            0.006502,            0.006502
                 108,            0.019949,            0.017377,                   0,             0.82836,                0.88,             0.81615,             0.57024,            0.022476,            0.017118,                   0,            0.006469,            0.006469,            0.006469
                 109,             0.01866,            0.017765,                   0,             0.82933,             0.87473,             0.82431,              0.5689,            0.022835,            0.017048,                   0,            0.006436,            0.006436,            0.006436
                 110,             0.02028,             0.01849,                   0,             0.79766,                0.82,             0.82809,              0.5694,            0.022632,            0.016775,                   0,            0.006403,            0.006403,            0.006403
                 111,              0.0194,            0.017967,                   0,             0.82265,             0.83503,              0.8038,             0.56178,            0.023435,             0.01622,                   0,             0.00637,             0.00637,             0.00637
                 112,            0.020903,            0.018762,                   0,             0.83457,                0.82,             0.80036,             0.54213,            0.023709,            0.017051,                   0,            0.006337,            0.006337,            0.006337
                 113,            0.018941,            0.018736,                   0,             0.83518,                0.82,             0.80134,             0.55845,            0.023075,            0.015634,                   0,            0.006304,            0.006304,            0.006304
                 114,            0.019482,            0.018243,                   0,             0.85959,                 0.8,             0.82436,             0.56251,            0.023205,            0.015497,                   0,            0.006271,            0.006271,            0.006271
                 115,            0.019229,            0.018333,                   0,             0.83667,             0.81964,             0.82819,             0.57482,            0.022524,            0.015692,                   0,            0.006238,            0.006238,            0.006238
                 116,            0.018728,            0.018044,                   0,             0.83313,             0.79884,             0.81871,             0.57414,             0.02219,            0.016469,                   0,            0.006205,            0.006205,            0.006205
                 117,            0.018062,            0.017923,                   0,             0.82497,                0.78,             0.78559,             0.55238,            0.021881,             0.01679,                   0,            0.006172,            0.006172,            0.006172
                 118,            0.019098,             0.01843,                   0,              0.8462,             0.77038,             0.77379,             0.53849,            0.022085,            0.017047,                   0,            0.006139,            0.006139,            0.006139
                 119,            0.018859,            0.017146,                   0,             0.81419,             0.78886,             0.82114,             0.56611,            0.021196,            0.016869,                   0,            0.006106,            0.006106,            0.006106
                 120,             0.01845,            0.017266,                   0,             0.82604,                 0.8,             0.82845,             0.56983,            0.021571,            0.016636,                   0,            0.006073,            0.006073,            0.006073
                 121,            0.018404,            0.017393,                   0,             0.84156,                 0.8,             0.83166,             0.58259,            0.021969,             0.01651,                   0,             0.00604,             0.00604,             0.00604
                 122,            0.018751,            0.018876,                   0,             0.86397,                 0.8,              0.8395,             0.58368,            0.022431,            0.016385,                   0,            0.006007,            0.006007,            0.006007
                 123,            0.017876,             0.01749,                   0,             0.84009,                 0.8,             0.79728,             0.54394,            0.022761,            0.016955,                   0,            0.005974,            0.005974,            0.005974
                 124,            0.017292,            0.016519,                   0,             0.81422,                 0.8,             0.81099,             0.55543,            0.022971,            0.017184,                   0,            0.005941,            0.005941,            0.005941
                 125,             0.01753,            0.016467,                   0,             0.82258,                0.76,             0.78931,             0.53719,             0.02361,            0.018329,                   0,            0.005908,            0.005908,            0.005908
                 126,            0.018329,             0.01721,                   0,             0.80048,                0.76,             0.78521,             0.53981,            0.023484,            0.018733,                   0,            0.005875,            0.005875,            0.005875
                 127,            0.017497,            0.017116,                   0,             0.80812,                0.78,              0.7917,             0.54528,            0.023893,            0.018291,                   0,            0.005842,            0.005842,            0.005842
                 128,             0.01848,            0.017099,                   0,             0.82732,                0.78,             0.81455,             0.55657,            0.023064,            0.017679,                   0,            0.005809,            0.005809,            0.005809
                 129,            0.018397,            0.017103,                   0,             0.86521,                 0.8,             0.79597,             0.54917,            0.022871,             0.01788,                   0,            0.005776,            0.005776,            0.005776
                 130,            0.018872,            0.018049,                   0,             0.86623,                 0.8,             0.81088,             0.55893,            0.022627,            0.018221,                   0,            0.005743,            0.005743,            0.005743
                 131,            0.016998,            0.017379,                   0,             0.83285,             0.79728,             0.81342,             0.56661,            0.022396,            0.018687,                   0,             0.00571,             0.00571,             0.00571
                 132,            0.018686,            0.018199,                   0,             0.84022,                0.78,             0.79958,             0.54911,            0.022577,            0.018547,                   0,            0.005677,            0.005677,            0.005677
                 133,            0.017618,            0.017592,                   0,             0.84156,                0.78,             0.80693,             0.57573,            0.021662,            0.018202,                   0,            0.005644,            0.005644,            0.005644
                 134,            0.017239,            0.018005,                   0,             0.81622,             0.79945,             0.82699,             0.59631,            0.021423,            0.017007,                   0,            0.005611,            0.005611,            0.005611
                 135,            0.017807,            0.017516,                   0,             0.79851,                 0.8,             0.82586,             0.59816,            0.022898,            0.016699,                   0,            0.005578,            0.005578,            0.005578
                 136,            0.017913,            0.017245,                   0,             0.80968,                0.78,             0.82143,             0.58928,            0.022276,            0.017191,                   0,            0.005545,            0.005545,            0.005545
                 137,            0.017736,            0.017536,                   0,             0.80323,                0.78,             0.81856,                0.57,            0.022285,            0.017591,                   0,            0.005512,            0.005512,            0.005512
                 138,            0.017471,             0.01685,                   0,             0.79984,             0.79923,             0.79674,             0.54119,            0.023302,            0.018328,                   0,            0.005479,            0.005479,            0.005479
                 139,            0.016952,            0.016649,                   0,             0.80297,                0.78,             0.79505,             0.54962,            0.023419,            0.018697,                   0,            0.005446,            0.005446,            0.005446
                 140,            0.016856,            0.017967,                   0,             0.84644,                 0.8,             0.80004,             0.56121,            0.022323,            0.017362,                   0,            0.005413,            0.005413,            0.005413
                 141,            0.017991,            0.016519,                   0,             0.84895,                 0.8,             0.78484,             0.57386,            0.023062,            0.018371,                   0,             0.00538,             0.00538,             0.00538
                 142,             0.01682,            0.016903,                   0,             0.86147,                 0.8,             0.78757,             0.57698,            0.022734,            0.018972,                   0,            0.005347,            0.005347,            0.005347
                 143,            0.016699,            0.016467,                   0,             0.86168,                 0.8,             0.76589,             0.54083,            0.022896,            0.019453,                   0,            0.005314,            0.005314,            0.005314
                 144,            0.016534,            0.017063,                   0,             0.86196,                0.78,             0.77272,             0.55019,            0.022477,            0.018389,                   0,            0.005281,            0.005281,            0.005281
                 145,            0.016388,            0.016577,                   0,             0.84445,                0.78,             0.79215,             0.55362,            0.022101,            0.017452,                   0,            0.005248,            0.005248,            0.005248
                 146,            0.016864,            0.017831,                   0,             0.79851,                 0.8,             0.80866,             0.55602,            0.022793,            0.017174,                   0,            0.005215,            0.005215,            0.005215
                 147,            0.016513,            0.015778,                   0,             0.83324,             0.79948,             0.80776,             0.54228,            0.022592,            0.017194,                   0,            0.005182,            0.005182,            0.005182
                 148,            0.016548,            0.017672,                   0,             0.82792,                0.78,             0.81833,             0.55975,            0.023054,            0.017745,                   0,            0.005149,            0.005149,            0.005149
                 149,            0.016247,            0.016658,                   0,             0.82639,                0.78,             0.82876,             0.57035,            0.022991,            0.018081,                   0,            0.005116,            0.005116,            0.005116
                 150,            0.017123,            0.016656,                   0,              0.8394,                0.78,             0.80578,             0.56121,             0.02304,            0.019243,                   0,            0.005083,            0.005083,            0.005083
                 151,            0.016158,            0.016432,                   0,             0.84001,                0.78,             0.79969,             0.54917,            0.023613,             0.01943,                   0,             0.00505,             0.00505,             0.00505
                 152,              0.0161,            0.015431,                   0,             0.82463,                0.78,             0.80979,             0.56062,            0.023334,            0.019016,                   0,            0.005017,            0.005017,            0.005017
                 153,            0.017135,               0.017,                   0,             0.82049,                0.76,             0.82882,             0.56583,            0.023517,            0.018585,                   0,            0.004984,            0.004984,            0.004984
                 154,            0.016148,            0.015765,                   0,             0.80607,                0.84,             0.85038,             0.59649,            0.022957,            0.017843,                   0,            0.004951,            0.004951,            0.004951
                 155,            0.016523,            0.016958,                   0,             0.80674,                0.84,             0.83927,              0.5947,            0.023898,            0.018737,                   0,            0.004918,            0.004918,            0.004918
                 156,            0.016598,             0.01642,                   0,             0.84883,              0.7862,             0.83058,             0.58353,            0.022971,            0.019034,                   0,            0.004885,            0.004885,            0.004885
                 157,            0.015548,            0.015515,                   0,             0.81335,                 0.8,             0.81364,             0.57225,            0.023133,            0.019377,                   0,            0.004852,            0.004852,            0.004852
                 158,            0.015476,            0.015043,                   0,             0.84545,                 0.8,             0.82956,             0.57691,             0.02274,            0.018886,                   0,            0.004819,            0.004819,            0.004819
                 159,             0.01607,            0.015843,                   0,             0.76445,                0.86,             0.82404,             0.56745,            0.022527,            0.018425,                   0,            0.004786,            0.004786,            0.004786
                 160,            0.016317,            0.015812,                   0,             0.81972,              0.8185,             0.81511,             0.58126,            0.021714,            0.018488,                   0,            0.004753,            0.004753,            0.004753
                 161,            0.014895,            0.017185,                   0,              0.8197,             0.81838,              0.8187,             0.58285,            0.021948,            0.018228,                   0,             0.00472,             0.00472,             0.00472
                 162,            0.016599,            0.015596,                   0,             0.79038,                0.84,             0.81458,             0.58356,            0.021558,            0.018101,                   0,            0.004687,            0.004687,            0.004687
                 163,            0.016926,            0.016262,                   0,             0.83599,             0.81563,             0.81046,             0.59525,             0.02181,            0.018263,                   0,            0.004654,            0.004654,            0.004654
                 164,            0.016444,            0.016195,                   0,             0.83471,                0.82,             0.81117,             0.59589,            0.022027,            0.018452,                   0,            0.004621,            0.004621,            0.004621
                 165,            0.015782,            0.015908,                   0,             0.85039,                0.82,             0.82442,             0.60751,            0.022511,             0.01881,                   0,            0.004588,            0.004588,            0.004588
                 166,            0.015508,            0.015767,                   0,             0.83178,                0.82,             0.81326,             0.57755,            0.022656,            0.019434,                   0,            0.004555,            0.004555,            0.004555
                 167,            0.015789,            0.015923,                   0,             0.81395,                0.82,             0.82959,             0.58334,            0.022835,            0.019261,                   0,            0.004522,            0.004522,            0.004522
                 168,            0.016959,            0.016783,                   0,             0.86311,                0.78,             0.81267,             0.56291,            0.022807,            0.019206,                   0,            0.004489,            0.004489,            0.004489
                 169,            0.014838,            0.015105,                   0,             0.86062,                 0.8,             0.81386,             0.56902,            0.023097,            0.019506,                   0,            0.004456,            0.004456,            0.004456
                 170,            0.016044,            0.015791,                   0,             0.85082,              0.7985,             0.80706,             0.56728,            0.023188,            0.019879,                   0,            0.004423,            0.004423,            0.004423
                 171,            0.014198,            0.014704,                   0,              0.8504,             0.79592,             0.81597,             0.57375,            0.023022,            0.020372,                   0,             0.00439,             0.00439,             0.00439
                 172,            0.015826,            0.015698,                   0,             0.87572,                0.76,              0.7951,             0.56295,             0.02286,            0.020565,                   0,            0.004357,            0.004357,            0.004357
                 173,            0.016142,            0.016125,                   0,             0.80823,                0.78,             0.80066,             0.57327,            0.022279,            0.020324,                   0,            0.004324,            0.004324,            0.004324
                 174,            0.016459,            0.016801,                   0,             0.77534,                0.78,             0.79649,             0.56669,            0.022426,            0.020046,                   0,            0.004291,            0.004291,            0.004291
                 175,            0.016314,            0.015252,                   0,              0.7887,                0.78,             0.79749,             0.56389,            0.022399,            0.019499,                   0,            0.004258,            0.004258,            0.004258
                 176,            0.015773,            0.015661,                   0,             0.81597,             0.79812,             0.80544,             0.56831,            0.023002,            0.018875,                   0,            0.004225,            0.004225,            0.004225
                 177,            0.015331,            0.016109,                   0,             0.80884,                0.78,             0.82261,             0.57339,            0.022816,            0.019052,                   0,            0.004192,            0.004192,            0.004192
                 178,            0.016133,            0.017009,                   0,             0.80939,                0.78,             0.79273,             0.55296,            0.022556,            0.019679,                   0,            0.004159,            0.004159,            0.004159
                 179,            0.016279,             0.01514,                   0,              0.8082,                0.78,             0.78175,              0.5472,            0.022124,              0.0205,                   0,            0.004126,            0.004126,            0.004126
                 180,            0.016228,            0.016036,                   0,             0.80722,                0.78,             0.79002,              0.5551,            0.021714,            0.020427,                   0,            0.004093,            0.004093,            0.004093
                 181,            0.015442,            0.014487,                   0,             0.82676,                0.78,             0.79437,             0.55567,            0.021991,            0.020161,                   0,             0.00406,             0.00406,             0.00406
                 182,            0.014221,            0.015857,                   0,             0.84761,             0.77872,             0.80392,             0.57563,            0.022147,            0.020274,                   0,            0.004027,            0.004027,            0.004027
                 183,            0.014317,            0.015144,                   0,             0.84625,                 0.8,             0.81025,             0.58765,            0.022245,            0.020074,                   0,            0.003994,            0.003994,            0.003994
                 184,            0.014908,            0.015533,                   0,             0.81418,                 0.8,             0.81886,             0.58753,             0.02211,            0.020054,                   0,            0.003961,            0.003961,            0.003961
                 185,             0.01476,            0.015932,                   0,             0.79128,                 0.8,             0.80791,             0.58194,            0.022187,            0.020894,                   0,            0.003928,            0.003928,            0.003928
                 186,            0.014414,            0.016152,                   0,             0.78365,             0.79691,             0.79591,             0.56764,            0.022684,            0.021835,                   0,            0.003895,            0.003895,            0.003895
                 187,             0.01511,            0.014731,                   0,             0.84066,             0.73865,             0.80674,             0.58127,            0.022941,              0.0217,                   0,            0.003862,            0.003862,            0.003862
                 188,            0.014844,             0.01574,                   0,             0.82548,                0.72,              0.8065,             0.58984,            0.022552,            0.021874,                   0,            0.003829,            0.003829,            0.003829
                 189,            0.014974,            0.015793,                   0,             0.80327,                0.78,             0.81028,             0.58023,            0.022606,            0.020445,                   0,            0.003796,            0.003796,            0.003796
                 190,            0.014442,            0.015438,                   0,             0.83744,                0.76,             0.81031,             0.59122,            0.021951,            0.019573,                   0,            0.003763,            0.003763,            0.003763
                 191,            0.014285,            0.015316,                   0,             0.79707,                 0.8,             0.79443,             0.56747,            0.021591,            0.019577,                   0,             0.00373,             0.00373,             0.00373
                 192,            0.014987,            0.015498,                   0,             0.79726,                 0.8,             0.80274,             0.58105,            0.022077,             0.02033,                   0,            0.003697,            0.003697,            0.003697
                 193,            0.013941,            0.014479,                   0,             0.80442,                0.78,             0.79079,             0.57704,             0.02248,               0.021,                   0,            0.003664,            0.003664,            0.003664
                 194,            0.014271,            0.015037,                   0,             0.77221,                0.82,             0.78528,             0.57044,            0.022872,            0.021242,                   0,            0.003631,            0.003631,            0.003631
                 195,            0.014668,            0.015248,                   0,              0.7883,             0.81921,             0.79733,             0.57174,            0.023063,            0.020917,                   0,            0.003598,            0.003598,            0.003598
                 196,            0.015193,            0.015748,                   0,             0.81031,                 0.8,             0.80854,              0.5774,            0.023239,             0.02083,                   0,            0.003565,            0.003565,            0.003565
                 197,            0.014913,             0.01526,                   0,              0.8313,                 0.8,             0.81234,             0.57725,            0.022889,            0.020013,                   0,            0.003532,            0.003532,            0.003532
                 198,             0.01401,            0.014965,                   0,             0.83648,                0.82,             0.80309,             0.57731,            0.022622,             0.01989,                   0,            0.003499,            0.003499,            0.003499
                 199,            0.014445,             0.01442,                   0,              0.8187,                0.82,              0.7952,             0.58172,            0.023017,            0.020166,                   0,            0.003466,            0.003466,            0.003466
                 200,            0.014638,            0.014784,                   0,             0.78701,                0.82,              0.8026,             0.57061,            0.023173,            0.020817,                   0,            0.003433,            0.003433,            0.003433
                 201,            0.014136,            0.014848,                   0,             0.83644,                0.76,             0.78237,             0.55638,            0.023335,            0.021285,                   0,              0.0034,              0.0034,              0.0034
                 202,             0.01437,            0.015137,                   0,             0.83395,                0.76,             0.78715,             0.56152,            0.023052,            0.021743,                   0,            0.003367,            0.003367,            0.003367
                 203,            0.014774,            0.014235,                   0,             0.81031,                0.78,             0.77568,             0.55205,            0.022806,            0.021968,                   0,            0.003334,            0.003334,            0.003334
                 204,            0.013837,            0.014833,                   0,             0.81628,             0.79976,             0.78661,             0.56989,            0.022479,             0.02123,                   0,            0.003301,            0.003301,            0.003301
                 205,            0.014856,            0.015391,                   0,             0.78528,                0.82,             0.78912,             0.57609,            0.022558,            0.020669,                   0,            0.003268,            0.003268,            0.003268
                 206,            0.014808,            0.014711,                   0,             0.81981,             0.81895,             0.79428,             0.58402,            0.022529,             0.02077,                   0,            0.003235,            0.003235,            0.003235
                 207,            0.014291,            0.014198,                   0,             0.81674,                0.82,             0.79959,             0.59055,            0.022421,            0.020789,                   0,            0.003202,            0.003202,            0.003202
                 208,            0.014741,              0.0148,                   0,             0.82833,                 0.8,             0.80491,             0.59439,            0.022653,            0.020963,                   0,            0.003169,            0.003169,            0.003169
                 209,            0.014242,            0.013462,                   0,             0.84777,                0.78,             0.80722,             0.59093,            0.023142,             0.02111,                   0,            0.003136,            0.003136,            0.003136
                 210,            0.014007,            0.014273,                   0,             0.84733,             0.77708,             0.80184,              0.5859,            0.023191,            0.020738,                   0,            0.003103,            0.003103,            0.003103
                 211,            0.014234,            0.014206,                   0,             0.82571,                0.78,             0.79884,             0.58591,            0.023381,            0.020833,                   0,             0.00307,             0.00307,             0.00307
                 212,            0.014992,            0.015187,                   0,             0.80274,             0.81396,             0.79413,             0.57794,            0.023315,            0.020831,                   0,            0.003037,            0.003037,            0.003037
                 213,            0.013486,            0.013987,                   0,             0.82514,                0.78,             0.79396,             0.57602,             0.02335,            0.020868,                   0,            0.003004,            0.003004,            0.003004
                 214,             0.01344,            0.015091,                   0,             0.83428,                 0.8,              0.7949,             0.57338,            0.023717,            0.021035,                   0,            0.002971,            0.002971,            0.002971
                 215,            0.013717,            0.014642,                   0,             0.84801,                 0.8,             0.80095,             0.56903,            0.023379,            0.020579,                   0,            0.002938,            0.002938,            0.002938
                 216,            0.013253,            0.013939,                   0,             0.83611,                0.82,             0.80243,              0.5678,            0.022675,            0.019814,                   0,            0.002905,            0.002905,            0.002905
                 217,             0.01338,            0.014824,                   0,             0.83651,             0.81867,             0.80796,              0.5798,            0.022522,             0.01971,                   0,            0.002872,            0.002872,            0.002872
                 218,            0.013677,            0.014709,                   0,             0.83089,                 0.8,             0.79714,             0.57803,            0.022837,            0.019956,                   0,            0.002839,            0.002839,            0.002839
                 219,            0.014167,            0.014268,                   0,             0.83623,             0.81702,             0.78323,             0.57493,            0.022811,            0.020417,                   0,            0.002806,            0.002806,            0.002806
                 220,            0.013948,            0.014126,                   0,             0.83642,             0.81818,             0.77604,             0.55359,            0.022817,            0.020944,                   0,            0.002773,            0.002773,            0.002773
                 221,            0.013297,            0.014513,                   0,             0.81983,             0.81907,             0.78762,             0.56173,            0.022876,            0.021331,                   0,             0.00274,             0.00274,             0.00274
                 222,            0.013299,            0.014499,                   0,             0.83187,                 0.8,             0.79226,             0.56635,            0.022576,            0.021351,                   0,            0.002707,            0.002707,            0.002707
                 223,            0.013266,            0.013708,                   0,             0.85035,             0.79557,             0.80563,             0.59113,            0.022409,            0.021234,                   0,            0.002674,            0.002674,            0.002674
                 224,             0.01297,            0.013899,                   0,             0.79754,                0.82,             0.81197,             0.59519,             0.02273,            0.021443,                   0,            0.002641,            0.002641,            0.002641
                 225,            0.013862,            0.013837,                   0,             0.81896,             0.81432,             0.82178,             0.58509,            0.023595,            0.021298,                   0,            0.002608,            0.002608,            0.002608
                 226,            0.013785,            0.014054,                   0,             0.83613,             0.81642,             0.82023,             0.58291,            0.023555,            0.021179,                   0,            0.002575,            0.002575,            0.002575
                 227,            0.013556,            0.013593,                   0,             0.84748,                 0.8,             0.82013,             0.57596,            0.023366,            0.021397,                   0,            0.002542,            0.002542,            0.002542
                 228,            0.012843,            0.013658,                   0,             0.83651,              0.8187,             0.81724,             0.57875,            0.023255,            0.021386,                   0,            0.002509,            0.002509,            0.002509
                 229,            0.013507,             0.01467,                   0,             0.83651,              0.8187,             0.82453,             0.57944,            0.023369,            0.021284,                   0,            0.002476,            0.002476,            0.002476
                 230,             0.01376,             0.01308,                   0,             0.83002,                0.82,             0.83377,             0.59316,            0.023096,            0.021019,                   0,            0.002443,            0.002443,            0.002443
                 231,            0.013363,            0.014052,                   0,             0.83557,                0.82,             0.83066,             0.58975,            0.023018,            0.021181,                   0,             0.00241,             0.00241,             0.00241
                 232,            0.013932,            0.014825,                   0,             0.83548,                0.82,             0.82574,             0.60685,            0.022616,            0.021261,                   0,            0.002377,            0.002377,            0.002377
                 233,            0.013377,            0.013168,                   0,              0.8341,                0.82,             0.82701,             0.60288,            0.022516,            0.021252,                   0,            0.002344,            0.002344,            0.002344
                 234,            0.014658,            0.014654,                   0,             0.83336,                0.82,             0.82284,             0.59821,            0.022367,            0.021265,                   0,            0.002311,            0.002311,            0.002311
                 235,             0.01355,            0.014188,                   0,             0.81802,                0.82,             0.80659,             0.58362,            0.022337,            0.021214,                   0,            0.002278,            0.002278,            0.002278
                 236,             0.01314,            0.013977,                   0,             0.81664,                0.82,             0.79966,             0.58789,            0.021907,            0.021107,                   0,            0.002245,            0.002245,            0.002245
                 237,            0.013262,            0.013192,                   0,             0.83353,                0.82,             0.80212,             0.58216,            0.022367,            0.021463,                   0,            0.002212,            0.002212,            0.002212
                 238,            0.013128,            0.014056,                   0,             0.81778,                0.82,             0.80346,             0.58595,             0.02262,              0.0218,                   0,            0.002179,            0.002179,            0.002179
                 239,            0.014036,            0.013871,                   0,             0.81824,                0.82,             0.80596,              0.5918,            0.023052,            0.021786,                   0,            0.002146,            0.002146,            0.002146
                 240,            0.012975,            0.013597,                   0,              0.8178,                0.82,             0.81414,             0.59408,            0.023322,            0.021737,                   0,            0.002113,            0.002113,            0.002113
                 241,            0.012938,            0.015327,                   0,              0.8196,             0.81784,             0.81607,             0.59414,            0.023061,            0.021501,                   0,             0.00208,             0.00208,             0.00208
                 242,            0.013513,            0.013947,                   0,             0.85052,                 0.8,              0.8122,             0.59161,            0.022544,            0.021217,                   0,            0.002047,            0.002047,            0.002047
                 243,            0.012936,            0.012805,                   0,             0.84988,                 0.8,             0.80932,              0.5865,            0.022826,            0.021164,                   0,            0.002014,            0.002014,            0.002014
                 244,            0.012932,            0.012825,                   0,             0.84996,                 0.8,             0.80428,             0.59269,            0.022686,            0.021242,                   0,            0.001981,            0.001981,            0.001981
                 245,            0.013189,            0.013993,                   0,             0.85103,             0.79978,              0.8049,             0.59865,            0.022808,            0.021411,                   0,            0.001948,            0.001948,            0.001948
                 246,            0.012822,            0.012824,                   0,             0.83643,             0.81821,             0.79758,             0.58679,             0.02266,            0.021528,                   0,            0.001915,            0.001915,            0.001915
                 247,            0.013274,            0.013874,                   0,             0.83651,              0.8187,             0.79471,             0.57916,            0.023027,            0.021687,                   0,            0.001882,            0.001882,            0.001882
                 248,            0.012355,            0.013258,                   0,             0.83642,             0.81815,             0.80118,             0.58844,            0.023019,            0.021623,                   0,            0.001849,            0.001849,            0.001849
                 249,            0.013262,            0.013349,                   0,             0.81713,                0.82,              0.7983,             0.58786,            0.023119,            0.021663,                   0,            0.001816,            0.001816,            0.001816
                 250,             0.01317,            0.013996,                   0,             0.81613,                0.82,             0.80061,             0.58322,            0.023259,            0.021724,                   0,            0.001783,            0.001783,            0.001783
                 251,             0.01264,             0.01318,                   0,             0.81482,                0.82,             0.80531,             0.58564,            0.023214,            0.021692,                   0,             0.00175,             0.00175,             0.00175
                 252,            0.013136,            0.012924,                   0,             0.81611,             0.79888,             0.80858,             0.59817,             0.02337,            0.021626,                   0,            0.001717,            0.001717,            0.001717
                 253,            0.012428,            0.014065,                   0,             0.86595,             0.77525,             0.81853,             0.60561,            0.023178,            0.021434,                   0,            0.001684,            0.001684,            0.001684
                 254,            0.012908,            0.013493,                   0,             0.86393,                0.78,             0.82045,             0.60493,            0.023069,            0.021237,                   0,            0.001651,            0.001651,            0.001651
                 255,            0.012763,              0.0131,                   0,             0.85052,                 0.8,             0.81728,             0.59999,            0.023217,            0.021204,                   0,            0.001618,            0.001618,            0.001618
                 256,            0.012124,            0.013406,                   0,             0.85064,                 0.8,             0.80927,             0.59352,            0.023482,            0.021392,                   0,            0.001585,            0.001585,            0.001585
                 257,            0.013385,            0.013056,                   0,             0.85103,             0.79982,              0.8037,             0.59457,             0.02346,            0.021503,                   0,            0.001552,            0.001552,            0.001552
                 258,             0.01292,            0.013506,                   0,              0.8363,             0.81743,             0.80254,             0.58776,            0.023211,            0.021373,                   0,            0.001519,            0.001519,            0.001519
                 259,            0.011875,            0.013518,                   0,             0.81997,             0.81984,             0.79273,             0.57551,            0.023098,              0.0215,                   0,            0.001486,            0.001486,            0.001486
                 260,            0.012604,            0.012865,                   0,             0.81952,              0.8174,             0.79099,             0.58022,            0.022925,            0.021548,                   0,            0.001453,            0.001453,            0.001453
                 261,            0.012405,            0.013679,                   0,             0.83641,              0.8181,             0.79278,             0.57585,            0.022908,            0.021412,                   0,             0.00142,             0.00142,             0.00142
                 262,            0.012538,            0.014012,                   0,             0.83662,             0.81932,             0.80254,             0.58628,            0.022925,            0.021402,                   0,            0.001387,            0.001387,            0.001387
                 263,            0.013277,            0.012904,                   0,             0.83523,                0.82,             0.80296,              0.5877,            0.023037,            0.021455,                   0,            0.001354,            0.001354,            0.001354
                 264,            0.012457,            0.012136,                   0,             0.83548,                0.82,             0.80176,             0.58362,            0.023045,            0.021453,                   0,            0.001321,            0.001321,            0.001321
                 265,            0.012224,             0.01231,                   0,             0.83634,                0.82,             0.79378,             0.57637,            0.023293,            0.021408,                   0,            0.001288,            0.001288,            0.001288
